{"type": "block", "layer": 0, "block": 0, "features": [{"geom": {"pts": [[14.182796617508952, 7.7514674076093995, 0.11915406660078798]], "w": 0.07060790826735679, "d": 0.07060790826735679, "h": 0.028243163306942713}, "mtl": 0}, {"geom": {"pts": [[14.8752694613281, 8.382378507940748, 0.10943272290247422]], "w": 0.07060790826735679, "d": 0.07060790826735679, "h": 0.028243163306942713}, "mtl": 0}, {"geom": {"pts": [[25.642807297510572, 9.997633678207048, 0.35405782683513304]], "w": 0.07060790826735679, "d": 0.07060790826735679, "h": 0.028243163306942713}, "mtl": 0}, {"geom": {"pts": [[43.70821177305737, 6.792671890260245, 0.7102176869549638]], "w": 0.07060790826735679, "d": 0.07060790826735679, "h": 0.028243163306942713}, "mtl": 0}], "featureCount": 4}