{"type": "block", "layer": 3, "block": 6, "features": [{"geom": {"lines": [[[5.6156342513674185, 14.785752935661394, 0.09501145411882024], [5.615814725179491, 14.78562414684046, 0.09500902998866885], [5.61599943546931, 14.785501712726392, 0.0950064442498407], [5.616188382232579, 14.78538591575692, 0.095003686128424], [5.616381283037597, 14.785276755928109, 0.09500075562441876], [5.616577855452376, 14.785174233245204, 0.0949976419639132], [5.616777817047314, 14.785078771354934, 0.09499435592081909], [5.616981167825463, 14.784990370252709, 0.09499088672122466], [5.6171873429165515, 14.784909029943787, 0.09498724513904168], [5.617396201108605, 14.784835032856677, 0.0949834096264466], [5.61760760118728, 14.78476837899074, 0.09497939095735117], [5.617821119503064, 14.784709068349255, 0.09497517835784365], [5.618036614837663, 14.78465724214187, 0.09497076105401223], [5.618253804765427, 14.784613041592738, 0.09496614981976868], [5.618472406848052, 14.784576325479021, 0.09496134465511304], [5.618692138659309, 14.784547376237143, 0.09495632401222172], [5.618912717764202, 14.784526052650879, 0.09495109866500649], [5.619133861730741, 14.784512354713643, 0.0949456578395556], [5.619355429350337, 14.78450656486776, 0.09493999076195724], [5.619577138181652, 14.784508400671571, 0.09493410820612319], [5.619798564581313, 14.784518003347227, 0.09492801017205348], [5.620019426117362, 14.784535372894064, 0.09492167511192451], [5.620239722793152, 14.784560368092558, 0.09491511379964807], [5.620458889737834, 14.784593130162232, 0.0949083154613124], [5.62067678574455, 14.784633376670623, 0.09490130164474103], [5.620893269591553, 14.784681248830672, 0.09489404002819865], [5.621107776415135, 14.78473674664699, 0.09488654138559702], [5.621320306219246, 14.784799587685125, 0.09487881649084791], [5.621530576571432, 14.784869913163947, 0.09487085457003956], [5.621738163819678, 14.78494744064573, 0.09486266639708375], [5.621942926756307, 14.78503217013507, 0.09485425197198048], [5.622144724157363, 14.78512396041706, 0.09484560052081796], [5.6223431323799815, 14.785222811489708, 0.09483665817403727], [5.622537868989297, 14.785328582135485, 0.0948274357055502], [5.622728933989595, 14.785440989925196, 0.09481792234144497], [5.62291590373134, 14.785560034856214, 0.09480811808172157], [5.623098495780276, 14.785685434499362, 0.09479805524811535], [5.623276710142555, 14.785817330077446, 0.09478770151889096], [5.6234502643815905, 14.785955156715017, 0.09477707844187198], [5.623618876065006, 14.786099055626975, 0.09476619679097019], [5.623782262765509, 14.786248744395342, 0.09475507811400914], [5.623940424480056, 14.78640408179269, 0.09474371163707707], [5.624093078777992, 14.786564785390494, 0.0947321296819093], [5.6242399432281704, 14.78673071397713, 0.09472033224850587], [5.624381017827695, 14.786901726331763, 0.09470834088469032], [5.624515878931746, 14.787077540020606, 0.09469618791219801], [5.624644667755552, 14.78725787261973, 0.09468387333102896], [5.6247671018709315, 14.787442724121917, 0.09467110624556496], [5.624882898837768, 14.78763167088437, 0.094657638855835], [5.624992199880852, 14.78782457168955, 0.09464422533566398], [5.625094581349332, 14.788021002893348, 0.09463089800678721], [5.625190043239514, 14.788221105703462, 0.09461764609529295], [5.625278444342974, 14.788424315263486, 0.0946045126968283], [5.625359784650086, 14.7886304903572, 0.09459148703748149], [5.62543378174073, 14.788839348549502, 0.09457860143898789], [5.625500435605602, 14.789050748627442, 0.09456586667525924], [5.625559746246267, 14.789264266941009, 0.09455329352020736], [5.625611572452904, 14.789479762277901, 0.09454089274774402], [5.625655914220006, 14.789696952202375, 0.0945286859056928], [5.625692489117318, 14.78991555428327, 0.09451668376796546], [5.62572143835689, 14.79013528609602, 0.09450489710847382], [5.625742761946695, 14.790355865205514, 0.09449334747504141], [5.625756459880971, 14.790577150384998, 0.09448203486766825], [5.625762249729894, 14.790798718004185, 0.0944709808341779], [5.625760413922953, 14.791020285619423, 0.09446019614848217], [5.625750811246977, 14.791241712021066, 0.0944496915844928], [5.625733441703263, 14.79146271477137, 0.09443946714220983], [5.625708446500988, 14.791682870233469, 0.09442955514336858], [5.625675825647303, 14.791902178394224, 0.09441995558796908], [5.625635437926868, 14.792120074397898, 0.0944106792499231], [5.625587565762046, 14.792336417031546, 0.09440173690314241], [5.625532067949757, 14.792551065069722, 0.09439312854762702], [5.625469226909652, 14.792763594875558, 0.09438487573120051], [5.625398901432465, 14.792973724007394, 0.09437698922777464], [5.625321373949865, 14.793181452474421, 0.09436945826343766], [5.625236644460774, 14.793386215411713, 0.0943623151599249], [5.625144854179942, 14.793587871595138, 0.09435554914332457], [5.625046003108192, 14.79378627981635, 0.09434918176146025], [5.624940232460607, 14.793981157644867, 0.09434321301433193], [5.624827824670486, 14.79417208142737, 0.09433765367585141], [5.624708779737908, 14.794359051169122, 0.0943324929721069], [5.62458338009213, 14.79454178443897, 0.09432820495521688], [5.624451484520209, 14.794719998797214, 0.09432472498171066], [5.624313657882807, 14.79489341181862, 0.09432168673858758], [5.624169758965902, 14.795062023505821, 0.09431907945193586], [5.624020070199109, 14.79522541020287, 0.09431691389566729], [5.623864732803241, 14.795383571920953, 0.09431520084369364], [5.6237040292039575, 14.795536226217086, 0.09431391874819135], [5.623538100619618, 14.795683090664706, 0.09431308915698398], [5.623367088264242, 14.795824165267112, 0.09431270129615976], [5.623191274573602, 14.795959167585915, 0.09431276593963046]]], "r": 0.0004304258087978069}, "mtl": 0}, {"geom": {"lines": [[[5.623191274573602, 14.795959167585915, 0.09431276593963046], [5.527941347536824, 14.856897322814532, 0.09473791527253729], [6.057443467138102, 15.602014953093686, 0.0727685246973797], [6.077180072087939, 15.6317069906764, 0.0714355978792918]]], "r": 0.0004304258087978069}, "mtl": 0}, {"geom": {"lines": [[[7.104246377362788, 16.598245655075353, 0.04934710709631841], [7.233008229819571, 16.51334190483768, 0.04998442707398675], [7.3129349698209385, 16.587264289534776, 0.050675002497603205], [7.490163643890357, 16.370363291269637, 0.05267092352514061], [7.6511419078684195, 16.506941156738034, 0.052515030408582616], [7.824003200380647, 16.5940809182139, 0.05391946367918065], [7.9149028329716264, 16.768679306479537, 0.05510756218811267], [8.031592851357805, 16.80140197670224, 0.05549198613447613]]], "r": 0.0006456387131967104}, "mtl": 0}, {"geom": {"lines": [[[7.345027817502148, 16.54798751083448, 0.050991130617168146], [7.368142587215864, 16.565912175642104, 0.05272477692319274]]], "r": 0.0005739010783970759},